{"noiseKey":{"private":{"type":"Buffer","data":"yLqpWWJ1S2XdfZaFqOeyFTYA94XTBW84ajUJMBkMoVM="},"public":{"type":"Buffer","data":"Qc43lHk2d+dVsWYYNEgKfotgencWZ5w3uEW/0gU9ZkM="}},"pairingEphemeralKeyPair":{"private":{"type":"Buffer","data":"+IZcqxl95lJOHuCmBbVwP77E6pIyMdCdSKVJzZHk4Fk="},"public":{"type":"Buffer","data":"I4IQfENw69APpiEXQt4GUaDbGCG372UIZ+t9UwJrFyI="}},"signedIdentityKey":{"private":{"type":"Buffer","data":"CJdCHrYBtqsufmU49aJyhZJwcsHBcHoSWxvWe+QgDGA="},"public":{"type":"Buffer","data":"gTXEStMe/lHyz/XpfivelTCzWWZiavw0OCN2PasyX2k="}},"signedPreKey":{"keyPair":{"private":{"type":"Buffer","data":"oET71V5vD8URXpWdx81ypaLcZMj6zj6k00Uq0Hm+0lk="},"public":{"type":"Buffer","data":"+dc1cmBbGCV4iCZ6KW+tbNTxKWnJEJwkTT35utqw300="}},"signature":{"type":"Buffer","data":"kqojncqCrgpD2KTfUAamaRRyUcA+GR5hQ6z8agZa+8fr8cAOCcpGxmqnKKTbk/l4/b/doDUt6FZbULf4WI7DhA=="},"keyId":1},"registrationId":172,"advSecretKey":"4P1ATlILbwd7cmHom792BXTVm8fK1yNXc1D1axKWnYU=","processedHistoryMessages":[],"nextPreKeyId":31,"firstUnuploadedPreKeyId":31,"accountSyncCounter":0,"accountSettings":{"unarchiveChats":false},"deviceId":"hLZRUraZQganL-x3eZsopg","phoneId":"a477ffe9-0773-4daa-9f61-9a5d5c0058b2","identityId":{"type":"Buffer","data":"sMz0x4x3OnHpBRJtBITu5Qun94g="},"registered":true,"backupToken":{"type":"Buffer","data":"WzsJB8U8LdWozbF9TJ1Vnj8nAoA="},"registration":{},"pairingCode":"S4FGQKMT","me":{"id":"2347036214381:56@s.whatsapp.net","name":"Ednut 【𓍯】"},"account":{"details":"CNHHn8kBEKSKtbkGGAQgACgA","accountSignatureKey":"cRoFC9m2EZreo1+c4lQAwA9OnlLjBqWyfnxQrQMpYjA=","accountSignature":"kNu3TCebtH+BvtByqa4QUe4ZDcroieMT5dE9Ek4kQTxet3j1tWPotxTC7VgCcxpk2T5DBPr1cOg4YeQ7xymQBg==","deviceSignature":"7shT09cMCncfdKS5TcYMCZdMrsgDBFxqArP6etutmF/jZQmdu1JBVF1hDa0NXNI2/xt4h9haV6V2WU5bJo1JjA=="},"signalIdentities":[{"identifier":{"name":"2347036214381:56@s.whatsapp.net","deviceId":0},"identifierKey":{"type":"Buffer","data":"BXEaBQvZthGa3qNfnOJUAMAPTp5S4walsn58UK0DKWIw"}}],"platform":"smba","lastAccountSyncTimestamp":1731020083,"myAppStateKeyId":"AAAAAMx4"}